[
    {
        "ip_address": "111.88.39.143",
        "video_url": "https://www.youtube.com/watch?v=v6sXjFI3R8M",
        "start_time": "15:25:23",
        "end_time": "15:25:24",
        "date": "15 July 2024"
    },
    {
        "ip_address": "111.88.39.143",
        "video_url": "https://www.youtube.com/watch?v=QZtQEQ-VbZc",
        "start_time": "16:46:02",
        "end_time": "16:46:02",
        "date": "15 July 2024"
    },
    {
        "ip_address": "119.155.205.114",
        "video_url": "https://www.youtube.com/watch?v=v6sXjFI3R8M",
        "start_time": "00:14:54",
        "end_time": "00:14:54",
        "date": "17 July 2024"
    }
]